Название светильника,Цена без скидки,Цена со скидкой,Ссылка на товар
Подвесной светильник Сансет Black,5990руб.,4190руб.,N/A
Торшер Билли Black,23 390руб.,14 490руб.,N/A
Подвесной светильник Бабл-9,25 990руб.,16 490руб.,N/A
Торшер Бабл-1,10 390руб.,6190руб.,N/A
Подвесной светильник Бабл-3,8990руб.,6190руб.,N/A
Бра Бабл Black,3890руб.,1990руб.,N/A
Настольная лампа Дэнди Black,6990руб.,2990руб.,N/A
Настольная лампа Дэнди White,6990руб.,2990руб.,N/A
Торшер Варио White,8190руб.,4990руб.,N/A
Бра Варио Black,1690руб.,990руб.,N/A
Бра Варио White,1890руб.,990руб.,N/A
Подвесной светильник Сансет White,5990руб.,4190руб.,N/A
Подвесной светильник Кэндел Black,3590руб.,2690руб.,N/A
Подвесной светильник Кэндел White,3590руб.,2690руб.,N/A
Торшер Вена Beige,11 990руб.,9990руб.,N/A
Настольная лампа Сфера Orange,5990руб.,4990руб.,N/A
Торшер Осло Black,19 990руб.,15 990руб.,N/A
Подвесной светильник Кая Black,3590руб.,2590руб.,N/A
Торшер Вена Black,11 990руб.,9990руб.,N/A
Подвесной светильник Кая White,3590руб.,2590руб.,N/A
Настольная лампа Гровер Glass,6990руб.,3990руб.,N/A
Настольная лампа Сфера Black,5990руб.,3990руб.,N/A
Настольная лампа Машрум Grey,N/A,3990руб.,N/A
Настольная лампа Спайк Green,N/A,990руб.,N/A
Настольная лампа Клауд White,13 990руб.,11 590руб.,N/A
Настольная лампа Рэй Black,3990руб.,2990руб.,N/A
Торшер Рэй White,5990руб.,3590руб.,N/A
Торшер Рэй Black,5990руб.,4990руб.,N/A
Настольная лампа Спайк Orange,1290руб.,790руб.,N/A
Подвесной светильник Портланд Black,4190руб.,2590руб.,N/A
Настольная лампа Гросс White,4990руб.,3590руб.,N/A
Торшер Мун Black,9990руб.,5990руб.,N/A
Торшер Билли White,23 390руб.,13 390руб.,N/A
Торшер Варио Black,8190руб.,6190руб.,N/A
Настольная лампа Раффи Round,7590руб.,4990руб.,N/A
Торшер Гросс White,8590руб.,5990руб.,N/A
Торшер Раффи Round,11 590руб.,9490руб.,N/A
Бра Moderli Alina,N/A,3390руб.,N/A
Подвесной светильник Маро Green,N/A,11 690руб.,N/A
Настольная лампа Рэй White,3990руб.,2590руб.,N/A
Бра Tarbes-2,5590руб.,2990руб.,N/A
Светильник потолочный Matthew,N/A,4990руб.,N/A
Настольная лампа Junior-4,N/A,2990руб.,N/A
Спот Лайт-1 Black,N/A,2390руб.,N/A
Настольная лампа Junior-3,N/A,3870руб.,N/A
Настольная лампа Junior-1,N/A,3990руб.,N/A
Подвесной светильник Milligan,6590руб.,5490руб.,N/A
Подвесной светильник Townshend-4,22 690руб.,10 990руб.,N/A
